{"verts":[0.477241,0.205729,0.67692,-0.507134,0.205729,0.67692,0.543648,0.178386,0.581217,-0.57354,0.178386,0.581217,0.422554,0.059245,0.606607,-0.452446,0.059245,0.606607,0.39521,0.125651,0.694498,-0.425102,0.125651,0.694498,0.279976,0.125651,0.715982,-0.309868,0.125651,0.715982,0.250679,0.059245,0.637857,-0.280571,0.059245,0.637857,0.129585,0.178386,0.653482,-0.159477,0.178386,0.653482,0.199898,0.205729,0.725748,-0.22979,0.205729,0.725748,0.199898,0.320964,0.725748,-0.22979,0.320964,0.725748,0.129585,0.348308,0.653482,-0.159477,0.348308,0.653482],"tris":[],"norms":[0,0,0,0,0,0,0,0,0,0,0,0,0,0,0,0,0,0,0,0,0,0,0,0,0,0,0,0,0,0,0,0,0,0,0,0,0,0,0,0,0,0,0,0,0,0,0,0,0,0,0,0,0,0,0,0,0,0,0,0]}